{
  "stats": {
    "0": 196.86493103444076,
    "1": 2.3840102637766893,
    "2": 63.95314159508899,
    "3": 101.41030554133549
  },
  "mapping": {
    "low": 1,
    "medium": 2,
    "long_context": 3,
    "high": 0
  }
}